{
  "glm-5": {
    "2025-01": 200000,
    "2025-02": 214138.36000000002,
    "2025-03": 269224.0,
    "2025-04": 341712.67333333334,
    "2025-05": 487326.1166666667,
    "2025-06": 620377.38,
    "2025-07": 741208.8766666666,
    "2025-08": 849482.7666666666,
    "2025-09": 994341.61,
    "2025-10": 1073679.43,
    "2025-11": 1170285.2,
    "2025-12": 1208190.0766666667
  },
  "kimi-k2.5": {
    "2025-01": 200000,
    "2025-02": 224139.04,
    "2025-03": 209918.86666666667,
    "2025-04": 208700.43333333335,
    "2025-05": 240942.53000000003,
    "2025-06": 215659.42333333334,
    "2025-07": 201195.54666666663,
    "2025-08": 216220.04666666666,
    "2025-09": 219736.64666666664,
    "2025-10": 296899.57,
    "2025-11": 374644.36000000004,
    "2025-12": 408821.86000000004
  },
  "qwen3.5-397b-a17b": {
    "2025-01": 200000,
    "2025-02": 177147.81666666665,
    "2025-03": 121508.67666666668,
    "2025-04": 80177.87666666666,
    "2025-05": 29854.703333333335,
    "2025-06": 18466.49,
    "2025-07": 45042.15,
    "2025-08": 45603.44,
    "2025-09": 47883.573333333334,
    "2025-10": 46848.473333333335,
    "2025-11": 39942.89,
    "2025-12": 90787.36333333334
  },
  "claude-opus-4-6": {
    "2025-01": 200000,
    "2025-02": 200564.68666666668,
    "2025-03": 302163.43333333335,
    "2025-04": 478133.33666666667,
    "2025-05": 644443.2933333333,
    "2025-06": 716843.6733333333,
    "2025-07": 808076.8933333334,
    "2025-08": 876622.0033333333,
    "2025-09": 934738.1333333333,
    "2025-10": 1079756.2666666666,
    "2025-11": 1150021.2333333334,
    "2025-12": 1269734.3466666667
  },
  "claude-sonnet-4-6": {
    "2025-01": 200000,
    "2025-02": 138038.02666666667,
    "2025-03": 97319.72333333333,
    "2025-04": 54087.41333333333,
    "2025-05": 31477.03,
    "2025-06": 32432.24666666667,
    "2025-07": 39156.85,
    "2025-08": 26806.873333333333,
    "2025-09": 59911.12333333333,
    "2025-10": 57028.753333333334,
    "2025-11": 71174.62,
    "2025-12": 104431.98666666668
  },
  "gemini-3-flash-preview": {
    "2025-01": 200000,
    "2025-02": 225444.52333333335,
    "2025-03": 193552.44000000003,
    "2025-04": 209580.71,
    "2025-05": 177854.27666666664,
    "2025-06": 163043.1,
    "2025-07": 152712.84,
    "2025-08": 208321.31333333332,
    "2025-09": 267753.8333333333,
    "2025-10": 296063.37666666665,
    "2025-11": 290458.57666666666,
    "2025-12": 393735.5466666667
  },
  "gemini-3.1-flash-lite-preview": {
    "2025-01": 200000,
    "2025-02": 201501.4,
    "2025-03": 182152.89333333334,
    "2025-04": 157992.29,
    "2025-05": 168416.97333333333,
    "2025-06": 218097.67,
    "2025-07": 214683.26,
    "2025-08": 214116.43000000002,
    "2025-09": 257238.34333333335,
    "2025-10": 246642.62,
    "2025-11": 227082.25333333333,
    "2025-12": 202899.33333333334
  },
  "gemini-3.1-pro-preview": {
    "2025-01": 200000,
    "2025-02": 216265.25,
    "2025-03": 201200.18333333332,
    "2025-04": 185643.62666666668,
    "2025-05": 145523.10333333333,
    "2025-06": 133887.75333333333,
    "2025-07": 93736.46666666667,
    "2025-08": 87567.81666666667,
    "2025-09": 80444.06333333334,
    "2025-10": 75586.65000000001,
    "2025-11": 72824.79666666668,
    "2025-12": 66104.01666666666
  },
  "greedy_bot": {
    "2025-01": 200000,
    "2025-02": 195083.7233333333,
    "2025-03": 160214.76666666666,
    "2025-04": 129408.26000000001,
    "2025-05": 96258.86,
    "2025-06": 55133.556666666664,
    "2025-07": 19994.2,
    "2025-08": 3755.5866666666666,
    "2025-09": 0.0,
    "2025-10": 0.0,
    "2025-11": 0.0,
    "2025-12": 0.0
  },
  "gpt-5.4-mini": {
    "2025-01": 200000,
    "2025-02": 197458.24,
    "2025-03": 152852.71333333335,
    "2025-04": 141545.38333333333,
    "2025-05": 98890.34000000001,
    "2025-06": 78264.45666666667,
    "2025-07": 72373.06666666667,
    "2025-08": 70060.39333333333,
    "2025-09": 96610.55666666666,
    "2025-10": 130051.49666666666,
    "2025-11": 155125.25333333333,
    "2025-12": 137648.50666666668
  },
  "gpt-5.4-nano": {
    "2025-01": 200000,
    "2025-02": 200902.8633333333,
    "2025-03": 162820.65666666665,
    "2025-04": 142168.1366666667,
    "2025-05": 122985.65666666666,
    "2025-06": 101876.77333333333,
    "2025-07": 74880.49666666666,
    "2025-08": 65333.486666666664,
    "2025-09": 77696.05333333333,
    "2025-10": 47863.73,
    "2025-11": 25231.403333333335,
    "2025-12": 39388.29666666667
  },
  "gpt-5.4": {
    "2025-01": 200000,
    "2025-02": 204629.84,
    "2025-03": 194126.80000000002,
    "2025-04": 209434.79333333333,
    "2025-05": 257438.62000000002,
    "2025-06": 339387.7,
    "2025-07": 463976.23,
    "2025-08": 600813.4833333334,
    "2025-09": 626884.91,
    "2025-10": 804869.02,
    "2025-11": 939753.0866666666,
    "2025-12": 1000803.4833333334
  },
  "grok-4.20-beta": {
    "2025-01": 200000,
    "2025-02": 206494.06333333332,
    "2025-03": 165557.50333333333,
    "2025-04": 158310.79666666666,
    "2025-05": 133330.17,
    "2025-06": 94587.42333333332,
    "2025-07": 84629.66666666667,
    "2025-08": 72742.33333333333,
    "2025-09": 44473.276666666665,
    "2025-10": 47249.363333333335,
    "2025-11": 36218.026666666665,
    "2025-12": 24874.28
  },
  "gemma-4-31b-it": {
    "2025-01": 242218.68,
    "2025-02": 209277.07,
    "2025-03": 162886.96,
    "2025-04": 133438.52,
    "2025-05": 95965.98,
    "2025-06": 55114.41,
    "2025-07": 33459.95,
    "2025-08": 52345.86,
    "2025-09": 3720.6,
    "2025-10": 0.0,
    "2025-11": 0.0,
    "2025-12": 0.0
  }
}